id,nama,email,tgl_lahir,kota
1,  budi santoso ,budi.santoso@email.com,1998-03-15,Cirebon
2,SITI RAHAYU,siti.rahayu@email.com,1995-07-22,Majalengka
3,andi wijaya,andi.w@email.com,2000-01-10,Kuningan
4,Dewi LESTARI  ,dewi.lestari@email.com,1997-11-05,Cirebon
5,rINA mARLINA,rina.m@email.com,1999-05-30,Indramayu
6,JOKO PRASETYO,joko.p@email.com,1996-08-12,Majalengka
7, maya putri,maya.putri@email.com,2001-02-18,Cirebon
8,FAJAR NUGROHO ,fajar.n@email.com,1994-09-25,Kuningan
9,tono SUWARNO,tono.s@email.com,1993-12-01,Cirebon
10,wati KURNIA,wati.k@email.com,1998-06-14,Indramayu
11,AGUS setiawan  ,agus.s@email.com,1992-04-09,Majalengka
12,nina KARTIKA,nina.k@email.com,2002-10-27,Cirebon
