id,tanggal,produk,jumlah,harga
1,2024-05-01,Kopi Susu,40,18000
2,2024-05-01,kopi susu,40,18000
3,2024-05-02,KOPI SUSU ,55,18000
4,01/05/2024,Roti Bakar,65,12000
5,2024-05-02,Roti bakar,70,12000
6,2024-05-03,Teh Manis,80,8000
7,2024-05-03,Teh Manis,80,8000
8,2024-05-04,teh manis ,90,8000
9,2024-05-04,Kopi Susu,,18000
10,05-05-2024,Roti Bakar,58,12000
11,2024-05-05,Kopi Susu,62,18000
12,2024-05-06,Teh Manis,75,
13,2024-05-06,kopi susu,70,18000
14,2024-05-07,Roti Bakar,66,12000
15,07/05/2024,Teh Manis,91,8000
16,2024-05-07,KOPI SUSU,48,18000
17,2024-05-08,Roti bakar ,52,12000
18,2024-05-08,Teh Manis,82,8000
19,2024-05-08,Teh Manis,82,8000
20,2024-05-09,Kopi Susu,45,18000
