id,tanggal,stand,menu,porsi,harga
1,2024-07-01,Bu Tini,Nasi Goreng,20,15000
2,2024-07-01,Bu Tini,Mie Ayam,15,13000
3,2024-07-01,Pak Darto,Kopi Susu,30,18000
4,2024-07-01,Pak Darto,Roti Bakar,25,12000
5,2024-07-01,Mba Sari,Soto Ayam,18,14000
6,2024-07-01,Mba Sari,Es Teh,40,5000
7,2024-07-02,Bu Tini,Nasi Goreng,22,15000
8,2024-07-02,Bu Tini,Mie Ayam,12,13000
9,2024-07-02,Pak Darto,Kopi Susu,35,18000
10,2024-07-02,Pak Darto,Roti Bakar,20,12000
11,2024-07-02,Mba Sari,Soto Ayam,15,14000
12,2024-07-02,Mba Sari,Es Teh,45,5000
13,2024-07-03,Bu Tini,Nasi Goreng,18,15000
14,2024-07-03,Bu Tini,Mie Ayam,20,13000
15,2024-07-03,Pak Darto,Kopi Susu,28,18000
16,2024-07-03,Pak Darto,Roti Bakar,30,12000
17,2024-07-03,Mba Sari,Soto Ayam,22,14000
18,2024-07-03,Mba Sari,Es Teh,38,5000
