id,nama,divisi,tgl_masuk,status,tgl_keluar
1,Budi,Sales,2022-01-10,aktif,
2,Siti,Sales,2023-06-01,resign,2024-02-15
3,Andi,IT,2021-03-15,aktif,
4,Dewi,Sales,2023-09-01,resign,2024-01-20
5,Rina,Operasional,2020-07-01,aktif,
6,Joko,Sales,2023-11-01,resign,2024-03-10
7,Maya,IT,2022-05-20,aktif,
8,Fajar,Operasional,2023-08-15,resign,2024-02-28
9,Tono,Sales,2021-11-01,aktif,
10,Wati,Sales,2023-12-01,resign,2024-04-05
11,Agus,IT,2023-02-10,resign,2023-12-20
12,Nina,Operasional,2022-09-01,aktif,
13,Dodi,Sales,2024-01-15,resign,2024-05-01
14,Lina,Sales,2020-04-01,aktif,
15,Rudi,Operasional,2023-10-01,aktif,
16,Sari,IT,2023-07-01,aktif,
17,Eko,Sales,2022-06-01,aktif,
18,Putri,Operasional,2024-02-01,aktif,
