id,tgl,produk,jumlah,harga,hpp
1,2024-06-01,Kopi Susu,40,18000,12000
2,2024-06-01,Roti Bakar,60,12000,4000
3,2024-06-01,Teh Manis,90,8000,5000
4,2024-06-01,Pisang Goreng,30,10000,6000
5,2024-06-02,Kopi Susu,45,18000,12000
6,2024-06-02,Roti Bakar,65,12000,4000
7,2024-06-02,Teh Manis,95,8000,5000
8,2024-06-02,Pisang Goreng,35,10000,6000
9,2024-06-03,Kopi Susu,38,18000,12000
10,2024-06-03,Roti Bakar,58,12000,4000
11,2024-06-03,Teh Manis,88,8000,5000
12,2024-06-03,Pisang Goreng,28,10000,6000
13,2024-06-04,Kopi Susu,50,18000,12000
14,2024-06-04,Roti Bakar,70,12000,4000
15,2024-06-04,Teh Manis,100,8000,5000
16,2024-06-04,Pisang Goreng,40,10000,6000
17,2024-06-05,Kopi Susu,42,18000,12000
18,2024-06-05,Roti Bakar,62,12000,4000
19,2024-06-05,Teh Manis,92,8000,5000
20,2024-06-05,Pisang Goreng,32,10000,6000
21,2024-06-06,Kopi Susu,48,18000,12000
22,2024-06-06,Roti Bakar,68,12000,4000
23,2024-06-06,Teh Manis,98,8000,5000
24,2024-06-06,Pisang Goreng,38,10000,6000
