id,tanggal,kanal,produk,jumlah,harga,status
1,2024-01-05,marketplace,Kaos,4,75000,selesai
2,2024-01-08,website,Kemeja,2,150000,selesai
3,2024-01-12,tiktok,Kaos,6,75000,selesai
4,2024-01-15,marketplace,Celana,2,200000,selesai
5,2024-01-18,tiktok,Kemeja,3,150000,selesai
6,2024-01-20,website,Kaos,5,75000,selesai
7,2024-01-22,tiktok,Celana,2,200000,selesai
8,2024-01-25,marketplace,Kemeja,3,150000,selesai
9,2024-01-27,website,Celana,1,200000,selesai
10,2024-01-29,tiktok,Kaos,5,75000,selesai
11,2024-02-03,marketplace,Kaos,5,75000,selesai
12,2024-02-06,tiktok,Kemeja,4,150000,selesai
13,2024-02-09,website,Celana,2,200000,selesai
14,2024-02-12,tiktok,Kaos,7,75000,selesai
15,2024-02-15,marketplace,Kemeja,2,150000,selesai
16,2024-02-18,website,Kaos,6,75000,selesai
17,2024-02-20,tiktok,Celana,3,200000,selesai
18,2024-02-23,marketplace,Kaos,4,75000,selesai
19,2024-02-26,tiktok,Kemeja,2,150000,selesai
20,2024-02-28,website,Celana,2,200000,selesai
21,2024-03-04,marketplace,Kaos,5,75000,selesai
22,2024-03-07,website,Kemeja,3,150000,selesai
23,2024-03-10,tiktok,Kaos,2,75000,selesai
24,2024-03-13,marketplace,Celana,2,200000,selesai
25,2024-03-16,website,Kaos,4,75000,selesai
26,2024-03-19,marketplace,Kemeja,2,150000,selesai
27,2024-03-22,tiktok,Celana,1,200000,selesai
28,2024-03-25,website,Celana,2,200000,selesai
29,2024-03-27,marketplace,Kaos,3,75000,selesai
30,2024-03-30,website,Kemeja,1,150000,selesai
