id,tgl_kirim,tgl_janji,tgl_terima,kurir,kota
1,2024-06-01,2024-06-03,2024-06-05,Kilat,Cirebon
2,2024-06-02,2024-06-04,2024-06-04,Kilat,Majalengka
3,2024-06-03,2024-06-05,2024-06-08,Kilat,Kuningan
4,2024-06-05,2024-06-07,2024-06-07,Kilat,Cirebon
5,2024-06-06,2024-06-08,2024-06-11,Kilat,Indramayu
6,2024-06-08,2024-06-10,,Kilat,Majalengka
7,2024-06-09,2024-06-11,2024-06-14,Kilat,Kuningan
8,2024-06-10,2024-06-12,2024-06-12,Kilat,Cirebon
9,2024-06-11,2024-06-13,2024-06-16,Kilat,Indramayu
10,2024-06-01,2024-06-03,2024-06-03,Pasti,Cirebon
11,2024-06-02,2024-06-04,2024-06-04,Pasti,Majalengka
12,2024-06-04,2024-06-06,2024-06-06,Pasti,Kuningan
13,2024-06-05,2024-06-07,2024-06-09,Pasti,Indramayu
14,2024-06-07,2024-06-09,2024-06-09,Pasti,Cirebon
15,2024-06-08,2024-06-10,2024-06-10,Pasti,Majalengka
16,2024-06-10,2024-06-12,,Pasti,Kuningan
17,2024-06-11,2024-06-13,2024-06-13,Pasti,Cirebon
18,2024-06-01,2024-06-04,2024-06-06,Nusantara,Indramayu
19,2024-06-03,2024-06-05,2024-06-05,Nusantara,Cirebon
20,2024-06-04,2024-06-06,2024-06-09,Nusantara,Majalengka
21,2024-06-06,2024-06-08,2024-06-08,Nusantara,Kuningan
22,2024-06-08,2024-06-10,2024-06-10,Nusantara,Cirebon
23,2024-06-09,2024-06-11,2024-06-13,Nusantara,Indramayu
24,2024-06-11,2024-06-13,,Nusantara,Majalengka
