id,nama,kategori,harga,rating,stok
1,Kopi Tubruk Kapal Api,Minuman,12000,4.5,120
2,Teh Botol Sosro,Minuman,5000,4.7,200
3,Indomie Goreng,Makanan,3500,4.9,500
4,Chitato Sapi Panggang,Snack,11000,4.3,80
5,Aqua 600ml,Minuman,4000,4.6,300
6,SilverQueen 65g,Snack,15000,4.8,60
7,Sari Roti Tawar,Makanan,18000,4.2,45
8,Kacang Garuda,Snack,9000,,90
9,Nutrisari Jeruk,Minuman,2500,4.1,150
10,Beng-beng,Snack,3000,4.4,250
11,Mie Sedaap Goreng,Makanan,3200,4.0,400
12,Pocky Coklat,Snack,13000,,70
13,Kopi Kenangan Mantan,Minuman,18000,4.9,50
14,Roma Kelapa,Snack,8000,3.9,110
15,Sarden ABC,Makanan,14000,4.2,65
16,Teh Pucuk Harum,Minuman,4500,4.5,180
